iso,Country/Region,unit,1990,1991,1992,1993,1994,1995,1996,1997,1998,1999,2000,2001,2002,2003,2004,2005,2006,2007,2008,2009,2010,2011,2012,2013,2014,2015,2016,2017,2018,2019,2020,2021
CHN,China,MtCO2e,1826.08,1954.90,2070.89,2298.12,2420.36,2741.36,2723.24,2786.85,2889.03,2806.43,2999.31,3198.98,3466.06,4094.31,4783.13,5494.55,6107.39,6663.11,6869.53,7389.01,8144.86,8574.55,8832.55,9271.13,9304.75,9149.52,9224.28,9441.26,9910.09,10125.52,10260.60,10849.18
USA,United States,MtCO2e,4435.58,4398.54,4470.67,4586.13,4657.60,4708.07,4864.47,5134.31,5181.57,5200.16,5367.05,5356.61,5201.38,5267.34,5346.62,5361.77,5261.31,5344.48,5166.47,4764.45,5000.09,4764.43,4546.75,4682.69,4697.67,4581.10,4672.50,4597.30,4753.58,4596.00,4098.53,4385.23
IND,India,MtCO2e,340.83,384.47,403.72,428.84,463.45,515.41,551.62,596.81,613.83,678.87,715.38,957.15,989.08,1015.38,1089.27,1140.06,1218.80,1340.33,1427.97,1567.98,1663.05,1689.55,1842.33,1905.19,2080.18,2091.34,2159.12,2272.75,2422.24,2388.37,2164.80,2395.19
RUS,Russia,MtCO2e,1811.01,1783.92,1677.84,1527.07,1331.66,1282.10,1247.79,1136.18,1134.65,1170.92,1211.18,820.07,818.14,862.50,853.63,864.33,907.26,910.35,907.53,798.74,870.38,1033.07,1010.47,967.43,946.67,927.26,1034.74,1057.92,1124.95,1167.88,1089.49,1211.29
IDN,Indonesia,MtCO2e,752.03,765.96,775.04,788.71,802.79,828.78,713.56,1426.76,847.83,788.02,734.06,569.72,941.10,699.73,966.14,762.39,1087.95,673.24,662.68,966.59,703.41,1210.50,1228.49,1181.12,1463.35,1496.30,985.32,983.72,1181.32,1392.80,1053.65,1060.49
JPN,Japan,MtCO2e,1015.11,1028.55,1039.65,1032.15,1085.28,1095.53,1109.85,1097.11,1054.77,1093.46,1108.92,1075.14,1109.52,1116.71,1110.04,1118.17,1095.69,1130.47,1061.23,1004.65,1059.40,1164.58,1205.08,1218.07,1168.16,1128.67,1133.50,1119.75,1080.02,1041.79,983.32,990.74
BRA,Brazil,MtCO2e,1236.44,1244.02,1246.42,1253.84,1261.08,1279.87,1300.99,1319.91,1329.15,1339.54,1352.25,1420.52,1418.91,1411.97,1429.75,1432.89,1436.84,1453.79,1474.85,1451.20,1499.16,680.38,716.30,748.92,771.28,745.98,829.90,838.81,817.56,815.52,795.78,849.86
IRN,Iran,MtCO2e,179.30,200.01,214.60,217.81,247.89,252.81,261.20,274.00,272.80,305.51,323.05,313.63,329.31,349.51,377.94,411.43,444.98,475.19,484.86,504.94,505.55,562.01,569.98,595.70,616.95,609.63,618.28,637.67,631.88,671.40,685.97,712.56
DEU,Germany,MtCO2e,922.56,899.80,860.06,854.30,843.13,841.93,871.55,839.84,832.45,800.70,797.32,847.71,833.30,836.56,820.69,802.01,814.04,783.43,789.31,734.41,772.68,735.22,748.87,764.89,724.72,731.02,735.67,720.71,696.28,647.12,594.89,626.16
COD,Democratic Republic of the Congo,MtCO2e,370.77,369.33,369.07,369.51,369.84,369.74,369.92,369.92,369.92,369.73,369.26,369.19,369.27,369.63,369.56,369.83,369.90,370.09,370.17,370.11,370.26,604.30,604.03,605.23,606.41,604.49,603.69,604.11,604.09,604.34,604.46,604.51
CAN,Canada,MtCO2e,501.54,495.34,508.47,504.13,518.83,530.57,544.30,559.49,567.84,577.66,597.87,826.06,843.88,864.07,849.30,861.12,852.63,882.58,863.17,834.55,850.71,696.37,692.02,700.42,706.51,703.29,600.10,610.44,621.73,614.40,560.28,568.64
KOR,South Korea,MtCO2e,205.24,232.36,254.61,285.17,311.84,342.97,367.55,389.20,324.13,359.44,404.80,396.55,400.88,403.79,425.79,420.88,427.73,443.57,454.80,466.52,515.10,548.02,549.86,549.14,537.63,557.37,569.64,580.38,584.39,566.33,523.88,536.52
SAU,Saudi Arabia,MtCO2e,171.31,187.77,201.88,203.16,206.32,204.80,217.61,220.03,233.86,239.49,249.61,254.05,272.21,284.78,299.85,315.25,335.39,354.57,389.67,406.48,446.09,463.72,492.44,503.19,540.50,565.16,561.20,549.71,527.54,526.91,513.05,529.90
MEX,Mexico,MtCO2e,291.56,309.98,313.64,322.59,348.46,328.86,344.72,364.48,387.17,377.19,401.13,311.79,319.02,337.71,347.12,365.20,381.29,390.18,392.60,381.45,395.88,492.10,500.11,489.40,475.89,485.26,489.75,487.62,457.77,465.91,401.61,422.42
TUR,Turkey,MtCO2e,122.25,126.85,132.85,138.64,136.88,151.21,168.39,176.48,176.74,175.71,199.45,154.81,165.14,176.20,181.64,192.04,218.12,246.01,244.24,245.34,254.85,258.97,270.13,259.42,282.00,293.74,347.75,389.45,385.46,370.12,378.35,416.37
ZAF,South Africa,MtCO2e,253.99,248.66,245.15,252.82,258.46,270.62,280.42,294.97,302.59,284.70,290.89,326.85,337.75,359.54,386.45,384.16,386.25,403.68,433.63,410.87,432.06,415.89,433.41,443.58,454.58,431.12,431.77,441.10,444.97,451.73,397.95,403.75
AUS,Australia,MtCO2e,314.11,315.38,319.04,323.67,330.73,340.82,350.87,358.48,378.25,384.41,390.16,375.32,383.03,382.60,395.84,398.50,403.80,414.07,417.27,423.81,425.69,365.32,366.56,359.29,350.15,354.39,392.68,394.85,393.57,392.29,376.29,368.00
GBR,United Kingdom,MtCO2e,573.67,582.59,569.79,553.27,547.07,538.67,557.28,535.67,537.50,534.21,542.28,558.21,543.70,555.91,555.91,553.74,554.89,543.32,527.85,479.06,495.71,459.14,481.19,468.18,429.16,414.44,392.91,380.34,372.30,357.52,319.37,339.53
VNM,Vietnam,MtCO2e,-54.26,-53.80,-52.79,-49.35,-46.91,-42.18,-38.60,-32.85,-28.05,-27.17,-22.43,73.56,85.67,87.76,102.42,109.67,111.72,122.03,134.43,149.18,168.49,132.17,131.68,142.48,157.45,177.60,209.67,217.78,275.02,331.05,345.85,334.39
MYS,Malaysia,MtCO2e,160.62,171.10,173.19,179.04,185.71,191.97,201.48,210.16,228.86,217.32,227.72,219.32,232.18,239.11,259.56,272.44,270.72,291.70,301.91,294.37,306.96,83.15,82.76,102.34,128.81,116.05,301.89,288.29,309.55,315.14,307.03,306.76
ITA,Italy,MtCO2e,370.65,369.47,367.67,362.32,357.67,381.80,377.54,380.91,391.76,398.40,401.68,401.77,408.67,427.40,437.60,439.03,431.85,424.57,410.18,362.25,370.47,361.93,341.99,311.70,292.74,303.11,320.44,316.28,311.98,304.30,268.37,304.65
POL,Poland,MtCO2e,352.92,354.33,346.08,346.72,342.45,342.64,357.79,347.05,320.81,311.28,298.05,237.93,231.55,241.86,245.85,245.34,258.08,257.36,252.29,241.20,257.67,299.07,291.82,286.77,274.16,277.51,282.42,295.36,294.35,277.47,262.79,289.23
THA,Thailand,MtCO2e,99.65,108.04,118.56,135.01,149.36,167.85,187.01,192.91,171.91,180.44,180.28,144.90,157.04,161.80,180.92,188.25,190.86,198.08,200.07,190.95,207.29,238.89,256.20,264.60,261.82,268.75,280.62,279.84,277.21,287.21,277.04,269.11
FRA,France,MtCO2e,331.98,356.38,344.34,325.20,320.15,327.96,343.64,334.81,356.84,350.63,348.85,311.10,305.36,310.99,312.03,314.90,305.82,297.13,292.28,277.95,282.01,274.12,277.40,277.63,245.19,250.29,251.87,255.81,245.25,238.84,205.31,236.82
EGY,Egypt,MtCO2e,87.29,88.90,90.45,92.21,87.44,93.26,98.47,105.59,110.52,116.07,114.16,126.49,129.22,132.80,144.28,162.00,170.53,183.19,189.72,197.44,200.10,206.64,215.85,214.71,219.96,227.12,235.54,244.65,238.37,218.59,207.53,230.90
PAK,Pakistan,MtCO2e,67.07,68.35,75.02,81.80,84.30,90.78,93.87,97.41,98.24,106.82,106.42,106.90,109.39,112.73,125.38,128.67,139.37,152.88,147.80,152.40,147.44,147.14,149.27,151.42,159.66,169.56,188.07,205.71,193.86,191.01,214.59,227.57
KAZ,Kazakhstan,MtCO2e,236.43,245.54,252.98,218.29,198.12,174.18,152.31,131.09,134.63,121.49,118.92,115.52,128.98,144.06,155.95,167.10,183.19,196.35,239.98,211.60,227.81,235.11,234.31,249.76,198.99,180.81,199.20,211.66,213.70,201.44,208.75,227.52
ARG,Argentina,MtCO2e,146.72,152.33,154.34,156.71,158.40,159.36,169.04,172.61,179.18,181.02,178.80,222.25,214.49,224.69,238.42,243.03,251.96,259.86,264.29,253.62,264.29,244.44,245.75,251.04,247.38,253.33,215.10,211.21,208.84,200.10,186.44,209.16
ESP,Spain,MtCO2e,172.22,179.37,189.64,175.35,185.72,197.83,187.38,205.87,213.50,235.63,250.65,275.58,293.58,299.49,316.40,331.34,322.61,335.51,305.10,268.96,254.97,267.58,262.38,235.90,234.08,249.35,234.34,250.81,244.45,227.98,188.80,206.06
ARE,United Arab Emirates,MtCO2e,55.15,61.53,59.65,63.54,70.68,75.06,78.42,81.35,83.37,85.61,84.65,97.13,99.09,103.76,109.95,116.40,121.50,131.78,155.99,156.97,162.74,166.58,174.69,183.89,185.55,194.17,199.21,190.82,173.25,184.16,182.15,187.51
NGA,Nigeria,MtCO2e,117.90,126.97,136.79,131.26,123.39,131.12,144.97,143.52,133.70,132.08,142.90,147.61,137.94,146.70,144.51,144.68,135.00,127.82,135.20,125.24,138.32,143.98,145.57,159.55,166.28,159.52,162.90,159.65,165.78,171.12,163.42,171.24
IRQ,Iraq,MtCO2e,64.29,45.41,67.20,89.50,102.13,100.09,98.90,119.02,91.93,72.91,87.86,97.88,91.45,81.57,88.46,85.45,83.29,76.95,88.46,94.58,108.97,113.62,129.76,139.89,134.87,134.11,148.13,161.07,172.95,187.52,164.84,168.95
DZA,Algeria,MtCO2e,63.51,67.00,67.42,72.79,74.17,77.01,76.69,75.00,75.22,78.07,80.62,76.24,80.00,85.78,87.08,91.78,97.40,100.34,105.34,109.76,111.77,120.16,134.30,138.39,147.10,155.64,154.84,157.90,164.72,170.78,161.76,168.83
COL,Colombia,MtCO2e,141.75,143.48,145.58,149.03,149.88,152.44,151.66,157.22,157.47,148.34,151.45,139.86,137.65,137.02,136.95,138.54,136.89,138.90,139.10,142.07,143.00,124.37,125.07,134.30,136.69,138.10,166.62,158.73,162.46,161.98,159.71,166.62
UKR,Ukraine,MtCO2e,649.47,612.78,535.51,460.17,376.52,360.19,306.96,289.07,270.14,266.41,258.00,285.67,288.97,315.15,291.86,280.09,288.64,296.74,285.69,236.05,253.35,278.09,271.86,265.01,232.48,185.81,198.51,171.78,182.45,171.34,162.41,160.88
PHL,Philippines,MtCO2e,42.33,41.95,45.44,49.17,52.74,62.93,68.43,75.93,75.64,73.34,73.57,71.95,73.10,74.83,76.22,77.87,70.86,74.62,76.58,77.85,83.75,84.41,87.97,97.31,103.40,112.69,122.37,135.06,140.69,147.50,135.12,145.15
PER,Peru,MtCO2e,80.58,79.97,80.73,81.51,82.25,85.36,87.78,87.68,86.69,88.79,88.35,91.31,92.50,91.93,96.08,96.13,95.68,98.64,103.13,106.01,109.83,137.25,136.94,138.57,141.98,143.35,146.59,144.02,144.34,146.64,136.30,141.80
NLD,Netherlands,MtCO2e,159.48,165.26,164.05,167.96,167.61,172.08,181.52,174.15,174.54,169.41,170.03,174.79,174.95,177.80,179.50,175.41,171.12,171.88,172.52,167.85,178.46,166.40,165.00,163.76,156.21,164.26,165.28,162.44,158.14,152.62,136.53,141.07
MMR,Myanmar,MtCO2e,142.97,142.90,143.17,143.70,144.53,145.83,144.90,144.47,145.81,146.64,147.35,128.48,127.87,131.11,132.98,130.81,131.86,131.90,127.61,128.61,130.80,111.71,115.35,118.28,121.41,125.05,122.65,131.32,133.43,132.51,134.78,129.49
UZB,Uzbekistan,MtCO2e,116.97,117.79,112.28,113.78,108.05,97.33,98.76,99.90,115.43,115.66,122.97,114.03,118.20,110.23,113.17,107.50,115.66,110.95,117.23,104.91,114.61,125.49,109.99,108.74,101.74,96.19,101.95,106.36,108.78,113.87,112.40,119.69
BGD,Bangladesh,MtCO2e,29.59,28.91,29.91,30.65,31.63,34.67,34.94,37.08,37.27,38.00,38.47,43.90,45.51,46.84,48.53,50.73,53.95,56.32,59.62,63.32,68.81,72.87,77.36,80.57,83.81,90.44,98.59,104.86,107.81,110.00,104.59,117.79
VEN,Venezuela,MtCO2e,246.42,245.79,247.89,252.08,251.12,258.74,266.53,272.34,274.10,270.32,276.43,222.69,227.55,222.53,226.43,234.19,234.34,229.20,237.99,239.47,251.00,268.21,288.57,288.26,287.75,272.06,193.69,183.01,173.57,153.57,108.44,106.40
KWT,Kuwait,MtCO2e,29.10,7.80,23.02,30.70,36.61,36.19,35.57,37.24,42.08,45.69,49.78,53.13,55.53,58.04,61.85,69.84,72.36,70.53,75.78,77.60,80.67,83.25,85.28,87.32,85.51,88.94,91.30,90.35,92.66,93.94,93.45,100.64
ZWE,Zimbabwe,MtCO2e,26.94,28.70,28.87,27.48,26.36,25.89,25.26,24.23,24.47,26.22,23.98,24.49,23.23,21.04,20.61,21.40,20.73,20.70,18.65,18.51,20.42,26.60,23.56,23.50,23.29,23.46,97.94,97.29,98.64,97.66,95.72,96.71
BEL,Belgium,MtCO2e,105.44,110.08,108.45,106.23,111.02,110.69,115.57,112.75,115.53,111.63,113.31,115.38,107.88,112.53,110.38,107.99,105.11,100.93,103.74,97.08,104.06,94.31,93.10,94.29,88.11,92.84,94.40,92.84,93.77,93.18,85.39,89.22
BOL,Bolivia,MtCO2e,86.68,87.14,87.45,86.54,85.86,84.94,84.64,85.49,85.04,84.59,84.42,64.70,65.23,65.77,66.27,66.77,67.61,68.80,69.63,70.46,71.59,75.77,76.74,77.90,79.26,79.78,88.71,89.01,89.26,89.21,85.78,89.07
QAT,Qatar,MtCO2e,12.54,14.98,14.68,16.61,18.49,19.05,20.94,25.39,26.50,29.00,28.66,28.65,32.49,34.74,37.07,38.53,43.94,50.02,53.28,54.31,60.91,68.52,75.43,76.54,82.17,85.21,87.06,88.73,87.24,90.95,87.34,88.68
CZE,Czech Republic,MtCO2e,143.86,130.47,127.55,121.69,115.91,115.23,119.19,116.72,110.48,103.07,115.43,117.55,113.41,116.57,116.98,115.09,115.75,117.63,111.91,106.44,107.36,107.73,103.85,99.44,96.49,97.70,97.34,97.90,97.08,92.06,83.47,88.54
TZA,Tanzania,MtCO2e,53.50,53.47,53.47,53.52,53.52,54.37,54.74,54.55,54.36,54.20,54.64,54.80,55.22,55.41,56.82,57.50,58.00,57.66,57.69,57.50,58.71,60.32,62.01,62.94,62.69,64.62,77.49,77.54,78.22,80.38,80.03,82.67
OMN,Oman,MtCO2e,11.89,15.69,14.90,15.13,16.12,18.79,19.30,19.92,19.44,21.89,25.02,27.93,29.87,31.58,31.14,30.92,39.08,42.18,41.23,43.52,47.01,53.55,60.42,62.92,66.28,70.03,72.06,71.52,75.26,75.64,71.09,76.52
MAR,Morocco,MtCO2e,16.60,18.22,19.98,20.68,22.82,23.90,23.59,25.01,25.74,27.30,27.98,31.75,32.95,32.73,37.39,39.20,40.21,41.56,44.48,44.24,47.23,54.48,56.63,56.15,57.25,58.97,58.35,61.08,62.35,69.05,64.78,70.58
ECU,Ecuador,MtCO2e,51.98,52.30,53.40,53.52,55.37,57.49,60.57,61.52,61.04,58.18,58.62,52.74,52.66,53.14,54.73,56.77,58.68,59.19,60.24,63.05,65.81,54.13,54.11,56.73,58.83,58.42,65.93,64.68,66.41,65.76,60.56,64.54
TKM,Turkmenistan,MtCO2e,44.65,37.79,28.10,26.95,33.50,33.95,30.54,30.46,31.75,37.55,38.39,38.84,41.10,46.00,49.02,50.27,51.59,58.16,58.94,52.08,58.88,64.53,65.91,62.64,60.77,62.70,62.87,62.73,62.12,61.99,62.46,61.85
MOZ,Mozambique,MtCO2e,49.47,49.29,49.45,49.65,49.45,49.53,49.52,49.64,49.60,49.59,49.78,50.34,50.50,50.83,50.84,50.64,50.79,51.16,51.17,51.42,51.61,48.87,49.22,49.73,50.40,51.06,60.07,59.99,59.70,60.35,59.76,61.00
AGO,Angola,MtCO2e,16.77,16.88,17.09,19.49,21.53,22.96,25.69,26.41,27.03,27.87,26.46,51.53,51.25,52.33,53.03,51.20,51.88,52.54,54.68,56.69,58.34,59.41,60.15,63.43,65.86,67.92,66.03,62.60,60.94,62.29,55.46,60.01
PRK,North Korea,MtCO2e,125.72,119.35,106.12,97.83,90.03,84.65,75.07,72.45,67.33,73.03,78.24,76.14,72.95,74.49,76.07,79.43,80.69,67.39,74.59,71.79,69.29,52.34,51.17,40.22,43.96,35.10,38.22,75.79,68.65,75.86,71.73,59.96
ISR,Israel,MtCO2e,33.78,34.50,36.83,40.48,43.34,46.75,48.71,50.94,51.48,52.96,56.97,57.95,61.07,62.92,63.15,61.01,64.32,66.59,66.70,65.72,70.51,69.78,76.02,66.96,64.67,66.27,65.31,65.99,61.53,63.25,59.37,58.84
AUT,Austria,MtCO2e,44.98,49.12,44.37,44.50,44.99,47.88,51.60,50.92,51.37,49.75,50.24,61.93,63.39,68.49,69.82,70.27,68.13,65.27,64.76,58.45,63.99,61.40,58.23,58.88,55.18,56.38,56.77,58.94,56.20,57.61,52.26,55.45
PRY,Paraguay,MtCO2e,44.10,44.05,44.51,44.85,45.37,45.81,45.76,46.14,46.30,46.30,45.56,59.92,60.08,60.24,60.28,60.00,60.26,60.02,60.63,60.87,61.35,73.39,73.35,73.47,73.80,74.54,53.16,53.89,54.33,54.07,53.54,54.55
GRC,Greece,MtCO2e,74.57,74.77,77.13,77.04,78.68,81.79,81.71,82.72,86.08,86.35,93.41,95.41,95.40,99.02,98.64,100.74,99.50,103.11,99.20,93.53,86.37,85.83,81.37,73.77,70.83,69.29,68.13,68.07,66.29,61.26,52.27,54.10
BLR,Belarus,MtCO2e,86.79,83.17,74.57,63.03,51.46,44.65,45.67,46.35,44.67,42.88,40.96,47.65,47.59,48.30,51.39,52.07,54.34,52.82,55.51,52.38,56.65,62.20,63.63,63.80,63.33,58.77,53.99,54.88,57.83,56.08,53.21,53.79
LBY,Libya,MtCO2e,29.06,29.26,26.59,31.07,39.36,44.28,46.26,42.81,42.42,43.68,45.23,44.93,46.02,49.49,49.00,53.57,53.46,49.85,53.76,56.83,60.02,41.77,59.03,60.27,59.64,52.59,49.21,52.96,54.77,55.19,44.12,53.42
ROU,Romania,MtCO2e,173.28,143.40,126.83,118.35,115.81,121.52,124.85,114.25,100.18,85.63,89.67,92.49,91.00,95.40,92.60,91.97,96.52,93.99,92.68,77.97,74.88,-201.10,-203.32,-213.07,-213.63,-211.85,48.66,51.28,52.26,51.03,45.75,50.86
FIN,Finland,MtCO2e,28.70,29.27,26.42,27.60,34.06,30.25,36.74,34.83,31.55,31.15,30.14,51.53,54.01,62.38,58.65,46.50,58.10,56.22,47.84,45.47,53.95,6.76,1.11,1.87,-2.11,-5.47,58.76,56.36,57.99,55.12,50.54,50.48
KHM,Cambodia,MtCO2e,5.43,5.47,5.52,5.55,5.65,5.64,5.70,5.81,6.05,6.08,6.13,5.73,5.78,5.95,5.95,6.23,6.54,7.23,7.63,8.32,8.71,70.29,70.60,70.66,71.87,73.36,40.07,41.67,42.56,46.78,47.66,48.02
HUN,Hungary,MtCO2e,68.94,66.07,59.52,59.90,59.30,58.97,59.99,58.52,58.88,59.43,56.16,58.58,57.88,60.44,58.55,58.12,57.66,56.05,55.21,50.03,50.08,48.18,44.70,42.04,41.90,44.66,46.09,48.31,48.24,48.28,46.48,47.86
BWA,Botswana,MtCO2e,43.83,43.76,44.33,44.28,44.11,44.22,43.94,44.09,44.71,44.91,45.10,44.94,45.10,44.99,45.08,45.39,45.12,45.41,45.50,45.16,44.40,44.92,44.52,46.53,48.09,48.05,47.73,48.45,49.18,48.34,46.90,47.37
ETH,Ethiopia,MtCO2e,27.36,27.38,26.56,26.99,27.31,27.66,27.96,28.16,28.37,28.36,28.74,34.16,34.38,34.81,35.14,34.90,35.28,35.83,36.38,36.48,36.43,37.99,38.95,40.56,42.47,43.37,45.77,45.74,47.26,48.62,46.67,47.06
SLB,Solomon Islands,MtCO2e,4.06,4.07,4.08,4.09,4.10,4.11,4.12,4.13,4.13,4.14,4.15,1.94,1.95,1.96,1.98,1.99,2.00,2.01,2.02,2.03,2.04,-17.47,-17.47,-17.44,-17.48,-17.52,45.71,45.71,45.71,45.72,45.71,45.73
MNG,Mongolia,MtCO2e,36.41,38.20,36.30,35.29,33.76,33.73,32.17,32.04,32.10,32.19,32.59,32.42,33.06,32.78,33.08,34.59,35.98,36.61,36.55,37.24,37.92,38.44,39.87,41.13,40.88,40.05,40.74,42.08,44.04,45.59,43.65,45.60
SGP,Singapore,MtCO2e,28.92,30.42,31.36,36.11,37.93,37.53,38.47,38.11,37.00,37.75,42.07,41.98,41.24,38.10,39.56,36.85,37.12,38.23,38.37,38.78,42.36,44.72,43.64,43.86,44.35,45.38,45.00,47.36,45.11,45.11,43.69,45.58
SRB,Serbia,MtCO2e,58.99,49.29,45.94,40.27,36.70,42.40,49.75,54.34,54.37,37.86,41.08,10.62,14.20,17.61,21.91,15.09,17.42,15.87,14.24,11.28,11.51,48.39,42.95,43.63,36.14,42.57,46.55,47.26,46.11,46.06,46.26,45.19
CMR,Cameroon,MtCO2e,55.30,59.28,59.16,58.11,56.98,57.04,57.12,57.23,57.42,57.19,57.65,45.97,45.95,46.02,45.95,45.85,45.93,46.98,47.24,47.92,47.93,39.98,40.06,40.73,41.42,41.69,42.23,42.34,43.00,42.78,43.02,42.92
IRL,Ireland,MtCO2e,38.80,39.30,39.33,39.48,40.64,41.23,42.59,43.67,46.12,47.64,50.19,52.81,51.90,52.01,52.57,54.54,55.16,54.46,53.74,48.39,48.13,44.17,44.68,43.35,43.19,44.72,46.10,44.80,44.54,42.77,40.64,42.72
SDN,Sudan,MtCO2e,26.63,26.07,25.80,24.48,25.96,25.96,25.75,26.69,26.25,26.83,27.21,28.08,29.53,29.74,30.63,32.31,34.71,35.77,36.75,37.30,38.24,37.14,37.35,37.40,38.20,40.78,42.51,42.60,42.66,42.71,40.90,42.48
ZMB,Zambia,MtCO2e,20.80,20.94,20.91,20.58,20.20,20.19,19.80,20.31,20.20,19.83,19.96,20.00,20.11,20.27,20.29,20.46,20.33,20.12,20.33,20.61,20.79,36.61,37.59,37.79,38.22,38.49,38.83,40.11,41.05,40.06,40.53,40.77
PNG,Papua New Guinea,MtCO2e,23.94,23.95,23.95,23.99,23.83,25.76,25.84,26.13,26.88,27.91,29.23,29.38,29.84,30.15,30.79,30.30,30.08,30.30,29.83,29.94,29.91,37.14,36.85,37.11,37.70,38.27,39.27,39.19,39.88,40.11,40.94,40.16
CIV,Côte d'Ivoire,MtCO2e,62.45,62.54,62.52,62.70,62.84,63.27,63.98,64.93,64.98,66.83,66.51,32.44,32.78,31.26,31.42,31.83,31.65,31.61,32.43,31.99,32.32,32.08,34.00,34.66,35.18,35.78,35.58,36.55,36.19,36.83,36.73,38.10
PRT,Portugal,MtCO2e,42.48,44.18,48.19,47.21,48.72,52.10,50.15,52.34,57.01,63.61,63.06,61.93,66.15,61.07,62.67,66.02,60.99,59.34,57.39,56.84,51.48,49.02,47.37,45.70,45.08,49.00,48.95,53.53,49.71,44.81,39.08,37.34
CHE,Switzerland,MtCO2e,42.44,44.78,44.81,42.55,41.68,42.52,43.08,41.82,43.32,43.60,42.79,43.38,41.76,43.01,43.44,44.01,43.64,41.70,43.12,41.83,43.37,39.50,40.82,41.84,38.11,37.40,37.95,36.98,35.76,35.64,33.18,34.83
AZE,Azerbaijan,MtCO2e,51.90,50.48,61.59,46.25,31.94,30.90,25.61,24.91,24.91,24.54,26.10,24.58,24.36,26.75,26.49,28.22,28.67,25.81,28.61,23.67,22.49,24.42,27.25,28.07,29.38,28.90,30.40,30.15,30.94,32.80,31.32,33.39
BHR,Bahrain,MtCO2e,10.67,10.28,12.18,12.97,13.28,13.45,14.08,14.35,15.40,15.39,15.84,16.35,17.19,17.89,17.78,20.55,22.34,22.85,24.60,24.71,25.96,26.01,27.17,28.85,30.28,30.49,30.29,30.50,30.69,33.12,32.74,33.21
LAO,Laos,MtCO2e,11.02,11.05,11.10,11.11,11.14,11.18,11.28,11.33,11.36,11.38,11.41,13.17,13.28,13.33,13.39,13.43,13.82,13.91,14.22,14.71,15.05,11.71,11.94,12.83,13.01,17.54,24.37,27.72,28.33,27.86,27.91,32.06
SVK,Slovakia,MtCO2e,45.41,38.54,36.70,34.92,32.30,32.97,32.77,32.87,32.00,31.26,28.67,30.21,29.70,29.96,29.06,30.15,29.50,28.82,28.73,25.54,27.06,26.54,24.77,25.35,22.86,23.18,30.47,32.54,31.97,30.00,28.00,31.06
DNK,Denmark,MtCO2e,53.55,64.26,58.53,60.87,64.74,61.61,74.94,65.18,61.27,58.27,54.15,55.44,55.04,60.43,54.92,51.39,59.33,54.61,51.32,49.13,49.32,42.36,37.48,39.22,35.08,32.96,37.40,35.25,35.20,31.69,29.34,31.00
BFA,Burkina Faso,MtCO2e,12.76,12.77,12.78,12.79,12.80,12.83,12.89,12.95,13.02,13.15,13.20,17.42,17.41,17.49,17.51,17.52,17.69,17.86,18.15,18.18,18.75,8.35,8.80,8.80,8.80,9.70,28.25,28.88,29.42,29.76,29.63,30.37
CHL,Chile,MtCO2e,13.77,12.48,13.59,15.70,19.07,22.21,28.13,34.52,35.25,37.68,33.67,12.94,13.64,14.72,19.49,20.49,21.67,29.09,32.51,29.97,34.27,-4.27,-2.33,2.25,-4.19,1.51,29.24,29.87,29.34,34.64,27.54,28.72
TUN,Tunisia,MtCO2e,13.74,14.28,15.36,15.69,15.73,16.12,16.65,17.21,18.01,19.05,20.14,20.66,20.83,20.65,21.70,22.22,23.15,24.05,24.64,24.66,27.00,30.58,32.96,32.46,34.83,35.46,26.50,26.94,27.24,27.18,25.44,27.91
DOM,Dominican Republic,MtCO2e,0.59,0.96,2.35,2.25,3.87,4.58,5.46,7.23,9.35,10.53,11.40,17.05,18.95,16.79,15.34,16.75,18.43,18.69,18.64,17.72,18.74,19.74,20.51,20.11,20.28,22.42,23.04,21.99,23.81,26.69,24.98,27.80
TCD,Chad,MtCO2e,8.02,8.02,8.04,8.04,8.05,8.06,8.07,8.09,8.10,8.11,7.92,17.02,17.08,17.12,17.12,17.15,17.18,17.18,17.22,17.47,17.90,26.98,27.74,27.85,27.87,27.86,25.07,25.08,25.20,25.27,25.36,25.37
SYR,Syria,MtCO2e,31.96,35.39,34.83,35.59,37.18,38.70,41.74,41.77,44.31,43.55,44.09,44.31,43.77,43.88,45.83,56.69,59.66,63.05,64.70,60.14,60.53,56.98,44.44,30.07,25.97,24.64,24.55,26.21,28.12,26.49,24.96,24.77
NIC,Nicaragua,MtCO2e,21.43,21.42,21.74,21.70,22.03,22.15,22.32,22.52,23.02,23.04,23.26,27.53,27.66,28.16,28.13,27.94,28.15,28.30,28.10,27.99,28.11,15.72,15.64,15.43,15.71,16.24,24.90,24.92,24.51,24.61,23.97,24.44
LKA,Sri Lanka,MtCO2e,8.32,8.47,9.73,9.57,10.25,10.30,12.84,12.82,13.09,13.98,15.41,13.21,13.75,14.78,15.24,16.35,14.77,15.94,15.15,14.63,15.41,15.94,17.96,14.96,17.96,19.74,24.97,24.95,23.50,25.58,23.63,24.40
SWE,Sweden,MtCO2e,58.60,59.49,62.00,61.75,63.74,63.50,68.93,62.67,63.69,62.69,58.88,44.53,46.08,47.33,45.88,42.57,41.29,39.68,38.75,35.66,41.14,26.42,24.02,22.42,21.12,21.26,26.42,26.04,24.27,23.61,22.24,24.36
GTM,Guatemala,MtCO2e,20.06,20.16,20.96,21.24,21.57,22.49,22.33,22.69,24.43,24.34,25.57,23.56,24.21,24.29,24.50,25.27,25.27,26.16,24.99,25.60,25.19,19.49,19.90,20.76,21.71,24.17,20.72,19.80,21.35,22.29,20.14,22.87
NOR,Norway,MtCO2e,18.21,16.23,19.10,21.33,23.31,23.24,23.44,25.37,26.72,28.57,23.20,15.86,15.51,18.33,18.52,17.55,18.41,18.97,19.90,19.95,22.25,25.07,24.79,25.58,25.55,26.34,25.64,25.29,24.84,23.64,22.21,22.39
NZL,New Zealand,MtCO2e,-2.31,-1.99,-0.24,-0.66,-0.39,-0.25,0.83,3.10,2.59,4.02,4.86,10.11,10.03,11.89,11.32,12.72,12.75,11.75,12.64,9.65,9.53,14.89,16.81,16.48,16.57,16.87,21.88,23.62,23.04,24.35,21.69,22.09
JOR,Jordan,MtCO2e,9.93,9.78,11.93,12.20,12.99,13.60,13.87,14.37,14.62,14.63,16.27,16.25,16.87,17.31,18.58,19.87,20.17,21.09,20.01,20.66,20.20,20.76,24.12,23.80,25.55,25.31,24.73,26.02,24.71,23.24,21.12,21.88
UGA,Uganda,MtCO2e,15.09,15.11,15.12,15.12,15.03,15.29,15.39,15.45,15.61,15.63,15.63,15.64,15.82,15.90,15.96,16.35,16.73,17.19,17.30,17.68,17.65,18.07,18.10,18.01,18.43,19.03,19.26,19.48,20.07,20.17,20.02,20.68
BIH,Bosnia and Herzegovina,MtCO2e,27.29,24.76,19.29,16.73,6.49,6.69,7.51,11.81,14.08,13.84,17.28,14.18,14.97,15.28,15.99,16.64,18.32,19.30,21.17,21.00,21.26,20.09,18.31,18.20,15.86,15.98,20.69,21.02,20.95,19.44,19.27,19.44
NPL,Nepal,MtCO2e,-1.13,-0.88,-0.83,-0.66,-0.32,-0.20,-0.14,0.10,0.24,1.27,1.38,-1.22,-1.90,-1.67,-1.88,-1.51,-2.09,-2.02,-1.72,-0.83,-0.07,7.66,8.45,8.55,9.65,9.62,13.05,15.49,17.15,15.81,18.83,18.93
SOM,Somalia,MtCO2e,18.13,18.07,18.04,18.00,17.99,17.95,17.93,17.90,17.87,17.85,17.84,17.86,17.92,17.93,17.93,17.93,17.93,17.98,17.97,17.97,17.98,17.98,17.98,18.00,18.00,18.00,18.01,18.01,18.01,18.01,17.96,17.98
CUB,Cuba,MtCO2e,24.80,16.59,10.95,9.33,10.89,12.35,14.38,16.62,16.29,17.17,17.53,17.21,16.17,15.37,15.11,16.06,16.53,17.42,16.49,16.72,17.86,14.88,15.98,16.16,13.96,16.49,24.12,23.19,23.63,21.38,18.36,17.90
LBN,Lebanon,MtCO2e,5.64,7.05,7.03,10.34,11.29,13.32,14.14,16.14,16.27,17.05,15.69,16.90,16.84,17.42,17.89,17.29,16.24,15.07,18.69,21.91,20.87,21.10,23.39,23.17,25.08,26.94,27.67,29.09,27.32,26.82,21.65,16.72
COG,Congo,MtCO2e,11.75,11.74,11.67,11.23,10.58,11.16,11.68,11.76,12.40,12.52,12.83,12.61,11.09,11.55,11.84,12.68,13.17,12.50,12.76,13.25,13.85,13.89,13.05,14.05,13.96,14.43,15.18,15.11,15.98,16.83,16.96,16.62
GIN,Guinea,MtCO2e,11.50,11.52,11.55,11.58,11.62,11.65,11.72,11.78,11.86,11.93,11.98,12.41,12.46,12.54,12.59,12.66,12.73,12.80,12.83,12.95,13.33,13.49,13.33,13.02,13.09,13.39,14.74,15.26,15.17,15.96,16.54,16.57
BEN,Benin,MtCO2e,15.32,15.27,15.28,15.28,15.27,15.30,15.97,16.23,16.21,16.33,16.42,12.45,12.89,13.15,13.36,13.61,14.18,14.71,14.73,15.13,15.54,15.36,15.16,15.39,15.90,16.22,17.45,17.59,18.31,18.16,18.69,16.55
SEN,Senegal,MtCO2e,7.21,7.22,7.45,7.39,7.49,7.65,7.81,8.10,8.48,8.85,8.95,10.82,10.95,10.86,11.76,12.04,11.94,12.57,12.81,13.04,13.40,12.04,11.93,12.48,13.04,13.76,14.46,14.36,14.92,15.26,15.02,16.48
LTU,Lithuania,MtCO2e,37.98,40.06,25.77,21.52,20.58,19.52,19.98,19.66,20.43,17.93,16.20,16.33,16.38,16.38,17.02,17.92,18.11,18.31,18.16,16.77,17.67,10.82,10.91,10.31,9.79,9.99,15.57,15.58,16.00,16.07,16.04,16.47
GUY,Guyana,MtCO2e,6.62,6.59,6.52,7.17,7.49,7.94,8.20,8.40,8.43,8.55,8.48,9.17,9.16,9.15,9.57,9.37,9.22,9.49,9.48,9.51,9.63,17.37,17.53,17.50,17.58,17.59,15.35,15.35,15.46,15.65,16.16,16.09
HND,Honduras,MtCO2e,7.99,7.99,8.27,8.43,8.79,9.40,9.44,9.57,10.21,10.28,10.52,11.16,11.44,12.08,12.91,12.33,13.33,13.89,13.94,13.43,13.28,15.37,15.88,15.58,15.78,16.43,15.92,14.90,14.56,15.72,14.36,15.42
PAN,Panama,MtCO2e,8.52,8.95,9.46,9.62,9.86,10.18,10.23,10.46,11.55,10.84,11.11,10.45,9.64,9.76,9.84,11.35,11.72,11.72,11.53,12.93,13.42,14.22,14.69,14.48,14.99,14.84,14.88,14.37,14.15,17.33,13.81,15.10
NAM,Namibia,MtCO2e,false,11.68,11.78,11.97,12.20,12.33,12.48,12.53,12.58,12.54,12.50,13.02,12.69,12.83,12.94,13.09,13.05,13.11,13.49,13.56,13.66,13.86,14.07,14.32,14.49,14.70,14.71,14.78,14.84,14.88,14.53,14.62
KEN,Kenya,MtCO2e,1.97,1.72,1.79,1.69,1.81,2.27,2.90,2.50,3.12,3.42,4.33,23.05,22.83,22.01,22.83,23.88,24.93,25.04,25.58,27.59,28.59,22.31,21.32,22.73,25.04,26.43,11.74,12.53,11.68,11.91,11.87,14.45
LBR,Liberia,MtCO2e,13.82,13.75,13.78,13.79,13.79,13.79,13.81,13.82,13.86,13.77,13.80,13.83,13.85,13.88,13.97,14.08,14.10,14.05,13.95,13.94,14.14,14.26,14.35,14.31,14.16,14.13,14.07,14.09,14.03,14.37,14.20,14.26
CAF,Central African Republic,MtCO2e,14.10,14.09,14.10,14.11,14.11,14.11,14.12,14.12,14.18,14.19,14.19,14.20,14.20,14.18,14.18,14.17,14.19,14.19,14.13,14.12,14.13,14.15,14.15,14.08,14.09,14.14,14.17,14.18,14.19,14.21,14.22,14.23
TTO,Trinidad and Tobago,MtCO2e,13.11,13.00,13.11,10.74,8.86,8.70,9.27,9.76,10.00,9.98,10.28,11.75,12.81,15.58,16.23,17.71,20.18,20.61,20.14,19.16,21.58,22.35,21.59,22.28,22.11,21.40,18.40,18.34,17.89,17.74,15.57,13.73
SSD,South Sudan,MtCO2e,10.14,10.12,10.07,9.96,10.05,10.15,10.16,10.24,10.20,10.25,10.28,10.49,10.63,10.71,10.90,10.86,10.95,11.12,11.18,11.24,11.26,10.95,10.75,10.77,10.79,11.26,13.40,13.14,13.37,13.25,13.17,13.21
SVN,Slovenia,MtCO2e,4.14,3.35,3.44,4.17,4.22,5.08,5.90,6.34,6.11,5.56,5.19,3.87,4.01,3.90,4.18,4.40,4.78,4.77,5.84,4.00,4.27,13.08,12.50,11.93,10.49,10.52,14.26,14.48,14.43,14.01,12.83,13.09
MDG,Madagascar,MtCO2e,28.70,28.76,28.77,28.80,29.02,29.22,29.16,29.28,29.49,29.58,29.56,22.68,22.12,22.55,22.64,22.71,22.64,22.73,22.78,22.68,22.87,11.24,11.79,11.97,12.05,12.33,12.22,12.51,12.34,12.99,12.11,13.08
EST,Estonia,MtCO2e,36.32,33.51,24.33,19.38,19.77,17.83,18.72,18.36,17.07,16.49,16.07,16.38,15.97,17.86,18.03,17.97,17.30,20.96,18.67,15.32,19.79,14.97,13.45,15.37,14.04,10.91,20.50,21.37,20.37,14.68,11.68,12.93
AFG,Afghanistan,MtCO2e,-0.34,-0.45,-0.86,-0.86,-0.90,-0.93,-0.98,-1.05,-1.07,-1.27,-1.31,1.21,1.52,1.78,1.41,2.08,2.41,2.97,4.50,6.68,8.70,11.72,9.96,9.16,9.04,9.81,9.45,10.18,11.13,11.43,12.20,12.85
HRV,Croatia,MtCO2e,19.51,13.97,14.07,14.44,13.70,14.26,14.84,15.89,16.83,17.66,17.12,18.36,19.42,20.77,20.25,20.62,20.76,22.04,20.90,19.47,18.62,17.53,15.90,15.51,14.73,15.10,12.53,13.06,12.09,12.18,11.28,11.95
SUR,Suriname,MtCO2e,4.83,5.12,5.13,5.20,5.21,5.27,5.34,5.38,5.39,5.47,4.80,5.17,4.77,4.89,5.22,5.51,5.35,5.23,5.27,5.26,5.56,10.06,10.55,10.39,10.72,10.83,12.17,11.66,11.36,11.87,11.82,11.82
GAB,Gabon,MtCO2e,7.53,7.99,7.96,8.08,8.05,8.64,9.24,8.99,9.82,9.50,9.55,9.19,8.93,9.42,9.09,9.06,8.44,7.94,8.27,8.21,8.76,12.03,11.85,12.04,12.22,12.37,12.55,11.56,11.27,11.38,11.26,11.11
GEO,Georgia,MtCO2e,15.21,7.23,1.81,-2.17,-7.82,-10.09,-11.90,-12.75,-13.28,-13.75,-13.49,0.00,-0.56,-0.36,-0.14,0.73,1.18,2.11,1.32,2.11,1.81,6.52,7.19,8.02,8.65,9.40,9.81,9.91,9.73,10.55,10.24,10.91
YEM,Yemen,MtCO2e,6.64,8.50,9.13,8.59,9.41,10.58,10.86,11.70,12.51,14.13,15.12,16.14,16.17,18.80,19.73,21.24,22.11,23.48,24.39,26.75,25.62,23.12,21.16,27.98,27.58,13.61,10.07,9.73,11.44,11.74,10.82,10.81
MWI,Malawi,MtCO2e,8.63,8.70,8.70,8.79,8.82,8.82,8.84,8.84,8.82,8.86,8.80,8.79,8.80,8.83,8.84,8.80,8.81,8.87,8.97,8.99,8.94,9.03,9.03,9.10,8.96,9.01,9.13,9.16,9.66,9.58,9.80,9.98
BRN,Brunei,MtCO2e,4.55,4.68,4.88,5.22,5.56,5.91,6.09,6.61,8.84,5.64,5.94,5.93,5.81,6.80,6.29,6.18,8.69,8.30,9.06,9.03,8.33,7.59,7.54,7.44,7.38,6.63,7.25,7.52,7.79,7.50,9.80,9.75
MDA,Moldova,MtCO2e,30.30,24.37,20.09,17.19,13.91,11.91,10.17,9.35,8.42,7.12,6.48,6.09,6.25,6.83,6.83,7.23,7.03,7.20,7.21,6.69,7.35,7.96,7.75,6.80,7.33,7.63,8.31,8.23,8.72,9.11,8.81,9.62
TJK,Tajikistan,MtCO2e,11.05,10.21,7.72,5.20,3.07,2.54,2.27,2.55,2.80,2.58,2.23,1.80,1.78,1.82,2.25,2.12,2.34,2.92,2.69,2.06,2.10,2.16,2.61,2.79,4.18,4.50,5.37,6.63,7.97,8.84,9.20,9.22
SLV,El Salvador,MtCO2e,3.46,4.15,4.43,5.00,5.54,6.04,5.47,6.40,6.75,6.69,6.71,6.95,7.02,7.59,7.76,7.92,8.32,8.71,7.99,7.76,7.62,7.86,7.85,7.54,7.67,8.08,8.21,7.43,7.92,8.99,7.46,8.42
LUX,Luxembourg,MtCO2e,10.65,11.12,10.80,11.01,10.17,8.02,8.10,7.60,6.93,7.28,8.01,8.60,9.30,9.73,11.15,11.40,11.20,10.60,10.51,9.93,10.51,10.67,10.46,9.94,9.41,8.90,8.57,8.73,9.05,9.23,7.59,7.94
ARM,Armenia,MtCO2e,19.98,20.82,10.89,5.11,2.84,3.57,2.61,3.45,3.62,3.23,3.69,3.73,3.24,3.62,3.89,4.58,4.61,5.33,5.81,4.63,4.46,4.86,5.64,5.42,5.40,5.27,5.10,5.41,5.75,6.23,6.78,7.39
GNQ,Equatorial Guinea,MtCO2e,3.90,3.90,4.80,4.88,4.96,5.03,5.14,5.64,6.03,7.38,5.94,6.92,6.52,6.79,9.54,9.63,9.60,10.35,9.82,8.70,8.95,8.62,8.45,8.58,8.58,8.26,8.25,7.76,7.54,7.65,7.47,7.30
LVA,Latvia,MtCO2e,8.17,6.59,3.31,1.09,-0.45,-1.51,-1.49,-1.93,-2.29,-2.71,-3.10,-3.85,-3.84,-3.58,-3.49,-3.38,-2.86,-2.49,-2.87,-3.60,-2.40,8.15,7.83,7.72,7.50,7.53,7.23,7.20,7.88,7.65,7.02,7.22
KGZ,Kyrgyzstan,MtCO2e,21.74,19.40,12.74,9.06,5.52,3.57,4.74,4.66,5.00,3.76,3.62,3.95,4.96,5.57,5.55,5.30,5.35,6.46,7.43,6.73,6.39,6.95,9.41,8.72,9.11,9.53,6.41,6.17,8.04,6.75,5.88,7.11
MLI,Mali,MtCO2e,0.43,0.43,0.47,0.51,0.55,0.60,0.65,0.74,0.93,0.97,1.41,1.61,1.40,1.40,1.48,1.65,1.89,2.07,2.08,2.51,2.78,3.12,3.11,3.22,3.38,3.65,4.67,5.19,5.57,6.18,6.80,7.02
MKD,North Macedonia,MtCO2e,8.59,8.38,8.33,8.64,8.35,8.31,9.86,8.79,9.65,8.88,8.52,8.67,8.13,8.83,8.54,8.88,8.85,9.33,9.12,8.51,8.33,9.16,8.80,7.86,7.44,7.14,6.96,7.44,6.95,7.96,6.78,6.86
CYP,Cyprus,MtCO2e,4.52,5.04,5.41,5.67,5.91,5.78,6.14,6.24,6.54,6.80,7.06,6.73,6.90,7.57,7.52,7.64,7.74,8.04,8.23,8.01,7.63,7.32,6.78,6.11,6.49,6.53,6.97,7.11,6.95,6.94,6.52,6.64
JAM,Jamaica,MtCO2e,7.82,7.76,8.50,8.68,8.74,9.04,9.41,9.57,10.12,10.40,10.49,7.63,7.80,8.14,8.12,8.11,9.61,9.58,7.18,5.44,5.04,7.74,7.18,7.62,7.41,7.31,7.71,7.39,8.75,8.54,5.96,6.52
URY,Uruguay,MtCO2e,-9.34,-8.82,-8.42,-8.70,-8.92,-8.49,-7.73,-7.62,-7.41,-6.40,-7.73,-4.98,-5.39,-5.44,-4.46,-4.51,-3.59,-4.07,-2.17,-2.26,-3.64,0.76,1.67,0.51,-0.35,-0.19,4.81,4.39,4.83,5.09,4.77,6.19
BLZ,Belize,MtCO2e,6.84,6.94,6.88,6.90,6.90,6.90,6.83,6.91,6.89,6.86,6.91,3.68,3.65,3.65,3.61,3.64,3.66,3.70,3.67,3.75,3.75,6.01,5.90,5.90,5.92,6.11,5.85,5.84,5.83,5.94,5.84,5.88
BGR,Bulgaria,MtCO2e,51.77,36.99,33.53,34.09,31.89,33.05,33.47,31.16,28.64,22.48,21.58,22.57,19.98,24.31,23.64,24.36,25.33,28.97,26.41,19.27,21.11,37.45,32.84,27.47,29.86,32.36,7.71,10.01,7.02,5.29,0.22,5.83
ALB,Albania,MtCO2e,6.24,4.30,2.42,2.26,2.27,2.13,2.15,1.66,1.99,3.17,3.37,2.11,2.64,3.01,3.20,2.97,2.96,3.14,3.09,3.25,3.66,4.29,3.69,3.94,4.34,3.95,4.33,5.16,5.07,4.75,4.47,4.96
SLE,Sierra Leone,MtCO2e,3.65,3.66,3.64,3.62,3.62,3.58,3.58,3.55,3.57,3.54,3.61,3.72,3.85,3.90,3.88,3.79,3.94,3.85,3.87,3.86,3.91,4.08,4.20,4.43,4.51,4.46,4.52,4.47,4.40,4.39,4.41,4.44
MUS,Mauritius,MtCO2e,1.14,1.23,1.30,1.45,1.49,1.53,1.59,1.60,1.77,2.18,2.41,2.65,2.70,2.83,2.85,3.05,3.39,3.48,3.55,3.51,3.75,3.64,3.73,3.82,3.95,3.97,4.01,4.15,4.11,4.15,3.70,3.94
NER,Niger,MtCO2e,6.24,6.21,6.17,6.24,6.22,6.20,6.28,6.28,6.34,6.32,6.33,1.89,1.92,1.98,2.01,1.97,1.97,2.04,2.09,2.31,2.59,2.63,3.12,3.20,3.38,3.34,3.34,3.14,3.20,3.44,3.48,3.91
HTI,Haiti,MtCO2e,1.09,1.07,0.97,0.76,0.26,0.97,1.13,1.34,1.38,1.45,1.54,1.67,1.90,1.88,1.74,1.77,1.79,2.11,2.10,2.06,2.53,3.35,3.07,3.30,3.67,3.93,4.00,4.00,3.96,3.99,3.88,3.85
BDI,Burundi,MtCO2e,5.17,5.21,5.18,5.19,5.19,5.32,5.33,5.36,5.40,5.44,5.47,3.34,3.34,3.29,3.27,3.28,3.32,3.32,3.32,3.32,3.45,-1.46,-1.46,-1.45,-1.45,-1.45,3.54,3.62,3.74,3.74,3.79,3.80
TGO,Togo,MtCO2e,3.64,3.59,3.41,3.30,3.57,3.64,4.02,3.43,3.86,4.37,3.93,2.12,2.29,2.78,2.72,2.69,2.51,2.45,2.51,3.77,3.58,3.46,3.18,2.69,2.53,2.77,3.12,2.83,3.00,3.05,3.27,3.53
LSO,Lesotho,MtCO2e,1.40,1.45,1.50,1.54,1.58,1.62,1.64,1.68,1.71,1.73,1.75,1.77,1.80,1.83,1.87,1.90,1.92,1.96,2.01,2.10,2.16,2.89,2.92,2.21,2.35,2.14,2.13,2.40,2.28,2.30,2.09,3.10
RWA,Rwanda,MtCO2e,3.01,2.96,2.96,2.96,2.94,2.95,2.96,2.98,2.98,2.99,3.15,2.95,3.06,2.95,2.92,2.98,2.98,2.92,2.92,2.94,2.97,2.11,2.18,2.27,2.29,2.45,2.43,2.53,2.67,2.72,2.66,2.88
MNE,Montenegro,MtCO2e,1.62,1.05,1.15,0.96,0.92,0.99,1.22,1.33,1.42,0.87,1.18,-2.46,-2.36,-2.23,-2.08,-2.12,-1.94,-2.03,-1.43,-2.38,-1.54,2.57,2.37,2.30,2.25,2.39,2.19,2.30,2.54,2.62,2.55,2.58
BHS,Bahamas,MtCO2e,2.02,2.09,1.96,1.83,1.86,1.93,1.90,1.70,2.09,2.14,2.12,2.04,2.08,2.13,2.10,1.96,1.92,1.94,1.99,2.24,2.32,2.18,2.13,2.11,2.22,2.33,2.28,2.58,2.50,2.54,2.25,2.36
ISL,Iceland,MtCO2e,2.66,2.62,2.66,2.69,2.80,2.71,2.98,2.86,2.86,2.82,2.93,2.83,2.91,2.89,2.98,2.93,2.98,3.04,2.84,2.78,2.63,2.50,2.47,2.62,2.56,2.65,2.24,2.28,2.31,2.26,2.06,2.17
GNB,Guinea-Bissau,MtCO2e,1.66,1.66,1.67,1.67,1.67,1.67,1.66,1.68,1.66,1.68,1.63,1.64,1.64,1.68,1.69,1.70,1.70,1.72,1.71,1.72,1.73,1.73,1.73,1.73,1.75,1.77,1.79,1.79,1.80,1.81,1.79,1.80
MDV,Maldives,MtCO2e,0.16,0.16,0.22,0.20,0.20,0.26,0.28,0.34,0.31,0.43,0.46,0.48,0.61,0.53,0.69,0.63,0.77,0.81,0.87,0.92,0.96,1.01,1.14,1.13,1.36,1.31,1.47,1.55,1.78,2.01,1.69,1.76
MLT,Malta,MtCO2e,2.31,2.21,2.17,2.81,2.51,2.38,2.32,2.47,2.37,2.41,2.13,2.49,2.32,2.61,2.60,2.63,2.65,2.72,2.72,2.51,2.59,2.57,2.72,2.37,2.36,1.66,1.35,1.52,1.55,1.65,1.61,1.61
BRB,Barbados,MtCO2e,1.35,1.34,1.21,1.13,1.29,1.33,1.41,1.63,1.65,1.74,1.84,1.73,1.69,1.73,1.76,1.80,1.81,1.84,2.13,2.03,1.88,1.96,1.83,1.84,1.69,1.67,1.67,1.64,1.65,1.68,1.25,1.36
GMB,Gambia,MtCO2e,0.72,0.73,0.73,0.74,0.74,0.74,0.75,0.76,0.77,0.79,0.77,0.84,0.82,0.82,0.84,0.86,0.89,0.94,0.96,1.01,0.96,0.97,0.98,0.96,1.03,1.11,1.12,1.13,1.18,1.24,1.23,1.24
ERI,Eritrea,MtCO2e,0.44,0.44,0.87,1.07,1.17,1.23,1.31,1.26,1.05,1.08,1.07,1.15,1.14,1.15,1.16,1.05,0.99,0.98,0.91,0.93,0.96,0.98,1.01,0.97,0.98,0.96,1.03,1.02,1.09,1.11,1.11,1.15
SWZ,Eswatini,MtCO2e,0.97,0.96,0.78,0.69,1.32,1.28,1.00,1.02,1.04,1.13,0.96,0.98,0.95,0.87,0.86,0.85,0.86,0.90,0.88,0.91,0.72,0.68,0.67,0.82,0.84,0.88,0.99,0.98,0.98,1.04,1.02,1.11
TLS,East Timor,MtCO2e,0.46,0.46,0.46,0.46,0.46,0.46,0.46,0.46,0.46,0.46,0.46,0.46,0.63,0.63,0.65,0.64,0.65,0.65,0.67,0.70,0.71,0.72,0.76,0.83,0.91,0.90,0.98,1.03,0.97,1.08,1.06,1.09
ATG,Antigua and Barbuda,MtCO2e,0.25,0.26,0.26,0.27,0.28,0.28,0.30,0.32,0.34,0.36,0.37,0.39,0.41,0.43,0.45,0.49,0.52,0.54,0.54,0.56,0.55,0.55,0.56,0.56,0.57,0.58,0.60,0.60,0.62,0.64,0.62,0.64
SYC,Seychelles,MtCO2e,0.15,0.18,0.18,0.19,0.21,0.20,0.24,0.28,0.29,0.31,0.29,0.32,0.35,0.34,0.38,0.38,0.39,0.41,0.42,0.45,0.44,0.41,0.42,0.41,0.46,0.50,0.57,0.57,0.60,0.59,0.60,0.61
CPV,Cabo Verde,MtCO2e,-0.33,-0.34,-0.33,-0.34,-0.33,-0.31,-0.29,-0.28,-0.26,-0.21,-0.20,0.30,0.33,0.36,0.37,0.39,0.47,0.42,0.41,0.45,0.48,0.50,0.46,0.44,0.43,0.44,0.43,0.45,0.49,0.50,0.46,0.47
COM,Comoros,MtCO2e,0.13,0.13,0.13,0.13,0.13,0.14,0.14,0.14,0.15,0.16,0.17,0.17,0.17,0.20,0.21,0.21,0.23,0.17,0.17,0.20,0.23,0.21,0.22,0.25,0.23,0.25,0.28,0.34,0.36,0.39,0.45,0.46
CRI,Costa Rica,MtCO2e,5.27,5.46,6.55,6.58,7.25,7.21,6.93,6.90,7.42,7.44,7.35,4.91,5.00,5.28,5.42,5.75,6.03,7.08,6.99,6.68,6.58,0.10,0.12,0.45,0.49,0.20,0.68,0.84,0.83,0.60,-0.40,0.46
DJI,Djibouti,MtCO2e,0.30,0.30,0.31,0.31,0.30,0.32,0.31,0.34,0.39,0.39,0.37,0.38,0.40,0.42,0.40,0.43,0.44,0.47,0.48,0.45,0.52,0.47,0.49,0.56,0.40,0.45,0.40,0.40,0.45,0.46,0.39,0.45
WSM,Samoa,MtCO2e,0.20,0.20,0.21,0.22,0.21,0.22,0.24,0.24,0.25,0.25,0.26,0.27,0.28,0.28,0.28,0.29,0.28,0.29,0.28,0.28,0.30,0.30,0.31,0.31,0.32,0.34,0.35,0.36,0.36,0.39,0.36,0.37
LCA,Saint Lucia,MtCO2e,0.06,0.07,0.09,0.12,0.14,0.16,0.18,0.18,0.21,0.23,0.23,0.27,0.25,0.28,0.30,0.29,0.31,0.32,0.33,0.32,0.39,0.36,0.36,0.36,0.36,0.35,0.36,0.38,0.38,0.37,0.35,0.36
AND,Andorra,MtCO2e,0.41,0.41,0.41,0.41,0.41,0.43,0.45,0.47,0.49,0.51,0.52,0.52,0.53,0.53,0.56,0.58,0.55,0.54,0.54,0.52,0.52,0.49,0.49,0.48,0.46,0.47,0.47,0.47,0.49,0.48,0.37,0.36
STP,São Tomé and Principe,MtCO2e,0.06,0.06,0.05,0.05,0.06,0.06,0.06,0.06,0.06,0.06,0.06,0.06,0.07,0.08,0.08,0.09,0.09,0.09,0.10,0.10,0.11,0.32,0.33,0.33,0.35,0.35,0.37,0.37,0.36,0.36,0.36,0.36
GRD,Grenada,MtCO2e,0.12,0.12,0.13,0.13,0.14,0.15,0.17,0.18,0.20,0.21,0.20,0.21,0.21,0.22,0.22,0.23,0.24,0.25,0.26,0.26,0.27,0.26,0.28,0.32,0.25,0.27,0.28,0.29,0.32,0.35,0.30,0.31
VCT,Saint Vincent and the Grenadines,MtCO2e,0.04,0.04,0.04,0.06,0.08,0.09,0.09,0.10,0.12,0.13,0.11,0.19,0.20,0.21,0.23,0.23,0.23,0.25,0.23,0.29,0.23,0.22,0.24,0.23,0.27,0.25,0.25,0.23,0.25,0.23,0.26,0.27
KNA,Saint Kitts and Nevis,MtCO2e,0.11,0.12,0.12,0.12,0.13,0.14,0.14,0.15,0.16,0.17,0.18,0.19,0.20,0.20,0.22,0.20,0.21,0.23,0.22,0.23,0.23,0.24,0.23,0.23,0.23,0.24,0.24,0.24,0.25,0.25,0.23,0.24
PLW,Palau,MtCO2e,false,false,0.20,0.20,0.20,0.20,0.20,0.20,0.20,0.20,0.21,0.22,0.22,0.22,0.22,0.23,0.23,0.22,0.21,0.20,0.21,0.22,0.23,0.23,0.22,0.21,0.20,0.21,0.21,0.21,0.21,0.22
VUT,Vanuatu,MtCO2e,0.07,0.07,0.07,0.07,0.07,0.07,0.09,0.09,0.09,0.09,0.09,0.10,0.09,0.08,0.06,0.06,0.06,0.10,0.10,0.13,0.13,0.14,0.12,0.11,0.16,0.14,0.15,0.14,0.18,0.17,0.21,0.22
TON,Tonga,MtCO2e,0.08,0.09,0.08,0.09,0.09,0.10,0.08,0.09,0.09,0.11,0.10,0.09,0.10,0.12,0.12,0.12,0.13,0.12,0.13,0.14,0.12,0.11,0.11,0.11,0.11,0.11,0.12,0.13,0.13,0.16,0.19,0.20
MHL,Marshall Islands,MtCO2e,false,false,0.08,0.08,0.09,0.09,0.09,0.09,0.10,0.10,0.10,0.11,0.12,0.11,0.12,0.12,0.13,0.13,0.13,0.14,0.14,0.14,0.14,0.14,0.14,0.15,0.15,0.15,0.15,0.15,0.15,0.16
DMA,Dominica,MtCO2e,0.12,0.12,0.12,0.12,0.13,0.14,0.13,0.15,0.15,0.16,0.18,0.13,0.10,0.11,0.14,0.15,0.15,0.17,0.16,0.18,0.16,0.15,0.16,0.15,0.16,0.17,0.16,0.14,0.15,0.16,0.15,0.15
LIE,Liechtenstein,MtCO2e,0.22,0.23,0.23,0.24,0.22,0.23,0.23,0.24,0.25,0.25,0.24,0.24,0.25,0.26,0.26,0.26,0.26,0.23,0.25,0.23,0.22,0.18,0.19,0.19,0.16,0.16,0.15,0.16,0.14,0.15,0.14,0.15
FSM,Micronesia,MtCO2e,false,-0.03,0.11,0.12,0.13,0.16,0.16,0.17,0.18,0.17,0.16,0.14,0.13,0.14,0.12,0.09,0.09,0.11,0.09,0.12,0.08,0.09,0.10,0.11,0.11,0.12,0.11,0.11,0.11,0.11,0.11,0.12
KIR,Kiribati,MtCO2e,0.02,0.02,0.03,0.03,0.03,0.03,0.03,0.03,0.03,0.03,0.04,0.04,0.04,0.04,0.05,0.05,0.06,0.06,0.05,0.05,0.05,0.05,0.06,0.06,0.06,0.06,0.06,0.07,0.07,0.08,0.07,0.08
COK,Cook Islands,MtCO2e,0.02,0.02,0.02,0.03,0.03,0.03,0.03,0.03,0.03,0.03,0.03,0.05,0.04,0.05,0.05,0.06,0.06,0.06,0.07,0.06,0.07,0.08,0.08,0.08,0.08,0.07,0.07,0.08,0.08,0.08,0.06,0.07
NRU,Nauru,MtCO2e,0.13,0.13,0.12,0.11,0.11,0.11,0.10,0.10,0.10,0.09,0.09,0.08,0.08,0.07,0.06,0.06,0.04,0.04,0.04,0.04,0.04,0.04,0.04,0.05,0.05,0.05,0.05,0.06,0.05,0.05,0.05,0.06
TUV,Tuvalu,MtCO2e,0.00,0.00,0.01,0.01,0.00,0.01,0.01,0.01,0.01,0.01,0.01,0.01,0.01,0.01,0.01,0.01,0.01,0.01,0.01,0.01,0.01,0.01,0.01,0.01,0.01,0.01,0.01,0.01,0.01,0.01,0.01,0.01
NIU,Niue,MtCO2e,0.01,0.01,0.01,0.01,0.01,0.01,0.01,0.01,0.01,0.01,0.01,0.01,0.01,0.01,0.01,0.01,0.01,0.01,0.01,0.01,0.01,0.00,0.00,0.00,0.00,0.00,0.00,0.00,0.00,0.00,0.00,0.00
BTN,Bhutan,MtCO2e,-6.42,-6.43,-6.40,-6.43,-6.40,-6.36,-6.31,-6.23,-6.23,-6.23,-6.22,-6.23,-6.20,-6.23,-6.30,-6.21,-6.21,-6.21,-6.19,-6.21,-6.12,-0.57,-0.48,-0.41,-0.30,-0.27,-0.09,-0.01,0.13,0.12,-0.40,-0.25
MRT,Mauritania,MtCO2e,0.40,0.40,0.40,0.40,0.40,0.40,0.40,0.40,0.40,0.40,0.40,0.40,0.40,0.40,0.40,0.40,0.40,0.40,0.40,0.40,0.40,0.40,0.40,0.40,0.40,0.40,-1.08,-1.08,-1.08,-1.08,-1.08,-1.08
FJI,Fiji,MtCO2e,-1.86,-1.85,-1.81,-1.82,-1.82,-1.82,-1.76,-1.78,-1.80,-1.78,-1.73,-1.53,-1.70,-1.54,-1.25,-1.50,-1.37,-1.44,-1.75,-1.85,-1.51,-1.61,-1.64,-1.51,-1.36,-1.31,-1.37,-1.24,-1.18,-1.17,-1.55,-1.50
GHA,Ghana,MtCO2e,12.37,12.11,12.51,12.55,12.77,13.04,13.34,13.46,15.30,15.68,14.81,51.28,52.50,52.22,51.76,52.16,53.63,54.25,53.79,55.14,56.21,40.19,42.26,43.28,42.74,43.69,-10.42,-9.83,-8.17,-6.98,-5.07,-2.36
Data source,Climate Watch
Data for,Location: World. Sectors/Subsectors: Total including LUCF. Gases: CO2. Calculation: Total. Show data by Countries